"id","en-US","context","ar-SA","de-DE","es-ES","fi-FI","fr-FR","hu-HU","it-IT","ja-JP","ko-KR","ml-IN","nl-NL","pl-PL","pt-BR","pt-PT","ru-RU","sv-SE","uk-UA","zh-CN","zh-TW","qps-ploc"
"IDS_MENU_SHOW_SECONDS","Show seconds","Clock right-click menu, checkable. Shows a seconds hand, or seconds digits on the text faces.","إظهار الثواني","Sekunden anzeigen","Mostrar segundos","Näytä sekunnit","Afficher les secondes","Másodpercek megjelenítése","Mostra i secondi","秒を表示","초 표시","സെക്കൻഡ് കാണിക്കുക","Seconden tonen","Pokaż sekundy","Mostrar segundos","Mostrar segundos","Показывать секунды","Visa sekunder","Показувати секунди","显示秒数","顯示秒數","[Šhów šéçóñđš !!!!!]"
"IDS_MENU_CUSTOMIZE","Customize Face…","Menu item that opens the Customize dialog for the current clock face. Keep the ellipsis.","تخصيص واجهة الساعة…","Zifferblatt anpassen…","Personalizar esfera…","Mukauta kellotaulua…","Personnaliser le cadran…","Számlap testreszabása…","Personalizza quadrante…","文字盤のカスタマイズ…","시계판 사용자 지정…","ഡയൽ ഇഷ്ടാനുസൃതമാക്കുക…","Wijzerplaat aanpassen…","Dostosuj tarczę…","Personalizar mostrador…","Personalizar mostrador…","Настроить циферблат…","Anpassa urtavla…","Налаштувати циферблат…","自定义表盘…","自訂錶面…","[Çúšţómížé Fáçé… !!!!!!]"
"IDS_MENU_RESIZE","Resize","Menu item, checkable. Turns on a mode where the clock can be resized by dragging. Verb.","تغيير الحجم","Größe ändern","Cambiar tamaño","Muuta kokoa","Redimensionner","Átméretezés","Ridimensiona","サイズ変更","크기 조정","വലുപ്പം മാറ്റുക","Formaat wijzigen","Zmień rozmiar","Redimensionar","Redimensionar","Изменить размер","Ändra storlek","Змінити розмір","调整大小","調整大小","[Réšížé !!!]"
"IDS_MENU_FACE","Face","Submenu listing the clock faces. Noun: the look of the clock (a dial or display style).","واجهة الساعة","Zifferblatt","Esfera","Kellotaulu","Cadran","Számlap","Quadrante","文字盤","시계판","ഡയൽ","Wijzerplaat","Tarcza","Mostrador","Mostrador","Циферблат","Urtavla","Циферблат","表盘","錶面","[Fáçé !!]"
"IDS_MENU_TOPMOST","Always on top","Menu item, checkable. Keeps the clock above other windows.","دائمًا في المقدمة","Immer im Vordergrund","Siempre visible","Aina päällimmäisenä","Toujours au premier plan","Mindig felül","Sempre in primo piano","常に手前に表示","항상 위에 표시","എപ്പോഴും മുകളിൽ","Altijd op voorgrond","Zawsze na wierzchu","Sempre visível","Sempre visível","Поверх всех окон","Alltid överst","Поверх усіх вікон","总在最前面","顯示在最上層","[Áĺwáýš óñ ţóp !!!!!!]"
"IDS_MENU_STARTUP","Start with Windows","Menu item, checkable. Launches the clock when the user signs in.","التشغيل عند بدء Windows","Mit Windows starten","Iniciar con Windows","Käynnistä Windowsin mukana","Démarrer avec Windows","Indítás a Windowsszal","Avvia con Windows","Windows 起動時に実行","Windows 시작 시 실행","Windows-നൊപ്പം ആരംഭിക്കുക","Starten met Windows","Uruchamiaj z systemem Windows","Iniciar com o Windows","Iniciar com o Windows","Запускать вместе с Windows","Starta med Windows","Запускати разом із Windows","随 Windows 启动","隨 Windows 啟動","[Šţáŕţ wíţh Wíñđówš !!!!!!!!]"
"IDS_MENU_TRAY","Show in system tray","Menu item, checkable. Adds an icon to the notification area of the taskbar.","إظهار في منطقة الإعلام","Im Infobereich anzeigen","Mostrar en la bandeja del sistema","Näytä ilmaisinalueella","Afficher dans la zone de notification","Megjelenítés az értesítési területen","Mostra nell'area di notifica","通知領域に表示","알림 영역에 표시","സിസ്റ്റം ട്രേയിൽ കാണിക്കുക","Weergeven in systeemvak","Pokaż w zasobniku systemowym","Mostrar na área de notificação","Mostrar na área de notificação","Значок в области уведомлений","Visa i meddelandefältet","Показувати в області сповіщень","在通知区域显示","在通知區域顯示","[Šhów íñ šýšţém ţŕáý !!!!!!!!]"
"IDS_MENU_ABOUT","About DeskTick…","Menu item that opens the About box. DeskTick is the product name: do not translate. Keep the ellipsis.","حول DeskTick…","Über DeskTick…","Acerca de DeskTick…","Tietoja DeskTickista…","À propos de DeskTick…","A DeskTick névjegye…","Informazioni su DeskTick…","DeskTick について…","DeskTick 정보…","DeskTick-നെക്കുറിച്ച്…","Over DeskTick…","DeskTick — informacje…","Sobre o DeskTick…","Acerca do DeskTick…","О программе DeskTick…","Om DeskTick…","Про DeskTick…","关于 DeskTick…","關於 DeskTick…","[Ábóúţ DéškTíçk… !!!!!!]"
"IDS_MENU_EXIT","Exit","Menu item. Quits the app.","إنهاء","Beenden","Salir","Lopeta","Quitter","Kilépés","Esci","終了","종료","പുറത്തുകടക്കുക","Afsluiten","Zakończ","Sair","Sair","Выход","Avsluta","Вихід","退出","結束","[Éxíţ !!]"
"IDS_CUSTOMIZE","Customize","First part of the Customize dialog title, shown as ""<this>: <face name> - DeskTick"". Verb or noun as a window title.","تخصيص","Anpassen","Personalizar","Mukauta","Personnaliser","Testreszabás","Personalizza","カスタマイズ","사용자 지정","ഇഷ്ടാനുസൃതമാക്കുക","Aanpassen","Dostosuj","Personalizar","Personalizar","Настроить","Anpassa","Налаштувати","自定义","自訂","[Çúšţómížé !!!!]"
"IDS_CUSTOMIZE_TITLE","Customize - DeskTick","Customize dialog title when the face has no options. DeskTick is the product name: do not translate.","تخصيص - DeskTick","Anpassen - DeskTick","Personalizar - DeskTick","Mukauta - DeskTick","Personnaliser - DeskTick","Testreszabás - DeskTick","Personalizza - DeskTick","カスタマイズ - DeskTick","사용자 지정 - DeskTick","ഇഷ്ടാനുസൃതമാക്കുക - DeskTick","Aanpassen - DeskTick","Dostosuj - DeskTick","Personalizar - DeskTick","Personalizar - DeskTick","Настроить - DeskTick","Anpassa - DeskTick","Налаштувати - DeskTick","自定义 - DeskTick","自訂 - DeskTick","[Çúšţómížé - DéškTíçk !!!!!!!!]"
"IDS_CUSTOMIZE_NOTHING","This face has nothing to customize.","Customize dialog body text for a clock face with no options.","لا يوجد ما يمكن تخصيصه في واجهة الساعة هذه.","Für dieses Zifferblatt gibt es nichts einzustellen.","Esta esfera no tiene nada que personalizar.","Tässä kellotaulussa ei ole mitään mukautettavaa.","Ce cadran n'a rien à personnaliser.","Ezen a számlapon nincs mit testreszabni.","Questo quadrante non ha nulla da personalizzare.","この文字盤にカスタマイズできる項目はありません。","이 시계판에는 사용자 지정할 항목이 없습니다.","ഈ ഡയലിൽ ഇഷ്ടാനുസൃതമാക്കാൻ ഒന്നുമില്ല.","Deze wijzerplaat heeft niets om aan te passen.","Ta tarcza nie ma nic do dostosowania.","Este mostrador não tem nada para personalizar.","Este mostrador não tem nada para personalizar.","В этом циферблате нечего настраивать.","Den här urtavlan har inget att anpassa.","У цьому циферблаті немає чого налаштовувати.","此表盘没有可自定义的项目。","此錶面沒有可自訂的項目。","[Thíš fáçé háš ñóţhíñğ ţó çúšţómížé. !!!!!!!!!!!!!!]"
"IDS_RESET_FACE","Reset this face","Customize dialog button. Restores the current face's options to their defaults. Keep it short.","إعادة تعيين","Zurücksetzen","Restablecer","Palauta","Réinitialiser","Alaphelyzetbe állítás","Reimposta","リセット","초기화","പുനഃസജ്ജമാക്കുക","Herstellen","Przywróć domyślne","Redefinir","Repor","Сбросить","Återställ","Скинути","重置","重設","[Réšéţ ţhíš fáçé !!!!!!]"
"IDS_ABOUT_TITLE","About DeskTick","About box title bar. DeskTick is the product name: do not translate.","حول DeskTick","Über DeskTick","Acerca de DeskTick","Tietoja DeskTickista","À propos de DeskTick","A DeskTick névjegye","Informazioni su DeskTick","DeskTick について","DeskTick 정보","DeskTick-നെക്കുറിച്ച്","Over DeskTick","DeskTick — informacje","Sobre o DeskTick","Acerca do DeskTick","О программе DeskTick","Om DeskTick","Про DeskTick","关于 DeskTick","關於 DeskTick","[Ábóúţ DéškTíçk !!!!!!]"
"IDS_FEEDBACK","Report issues or send feedback to","About box. Followed on the next line by an email address.","للإبلاغ عن المشكلات أو إرسال الملاحظات إلى","Probleme melden oder Feedback senden an","Informar de problemas o enviar comentarios a","Ilmoita ongelmista tai lähetä palautetta osoitteeseen","Signaler un problème ou envoyer vos commentaires à","Hibák jelentése vagy visszajelzés küldése ide","Segnala problemi o invia commenti a","問題の報告やフィードバックの送信先","문제 신고 또는 피드백 보내기:","പ്രശ്നങ്ങൾ അറിയിക്കാനോ അഭിപ്രായം അയയ്ക്കാനോ ബന്ധപ്പെടുക:","Problemen melden of feedback sturen naar","Zgłoś problem lub wyślij opinię na adres","Relatar problemas ou enviar comentários para","Comunicar problemas ou enviar comentários para","Сообщить о проблеме или отправить отзыв на","Rapportera problem eller skicka feedback till","Повідомити про проблему або надіслати відгук на","报告问题或发送反馈至","回報問題或傳送意見至","[Répóŕţ íššúéš óŕ šéñđ fééđbáçk ţó !!!!!!!!!!!!!!]"
"IDS_OTHER_APPS","Other apps","About box section heading above a list of other apps by the same developer.","تطبيقات أخرى","Weitere Apps","Otras aplicaciones","Muut sovellukset","Autres applications","További alkalmazások","Altre app","その他のアプリ","다른 앱","മറ്റ് ആപ്പുകൾ","Andere apps","Inne aplikacje","Outros aplicativos","Outras aplicações","Другие приложения","Andra appar","Інші застосунки","其他应用","其他應用程式","[Óţhéŕ áppš !!!!]"
"IDS_FLYPHOTOS_BLURB","Fast, lightweight, and minimalist photo viewer designed for the modern Windows","About box. One-line description of FlyPhotos, another app. The app name is not in the string.","عارض صور سريع وخفيف وبسيط مصمم لنظام Windows الحديث","Schneller, schlanker und minimalistischer Fotobetrachter für das moderne Windows","Visor de fotos rápido, ligero y minimalista diseñado para el Windows moderno","Nopea, kevyt ja pelkistetty kuvakatselin nykyaikaiselle Windowsille","Visionneuse de photos rapide, légère et minimaliste conçue pour le Windows moderne","Gyors, könnyű és minimalista fényképnézegető a modern Windowshoz","Visualizzatore di foto veloce, leggero e minimalista progettato per il Windows moderno","最新の Windows 向けに設計された、高速で軽量、ミニマルな写真ビューアー","최신 Windows를 위해 설계된 빠르고 가벼운 미니멀 사진 뷰어","ആധുനിക Windows-നായി രൂപകൽപ്പന ചെയ്ത വേഗതയേറിയ, ഭാരം കുറഞ്ഞ, ലളിതമായ ഫോട്ടോ വ്യൂവർ","Snelle, lichte en minimalistische fotoviewer ontworpen voor het moderne Windows","Szybka, lekka i minimalistyczna przeglądarka zdjęć zaprojektowana dla nowoczesnego systemu Windows","Visualizador de fotos rápido, leve e minimalista projetado para o Windows moderno","Visualizador de fotografias rápido, leve e minimalista concebido para o Windows moderno","Быстрый, легкий и минималистичный просмотрщик фотографий для современной версии Windows","Snabb, lätt och minimalistisk bildvisare utformad för det moderna Windows","Швидкий, легкий і мінімалістичний переглядач фотографій для сучасної версії Windows","专为现代 Windows 设计的快速、轻量、极简的照片查看器","專為現代 Windows 設計的快速、輕量、極簡的相片檢視器","[Fášţ, ĺíğhţwéíğhţ, áñđ míñímáĺíšţ phóţó víéwéŕ đéšíğñéđ fóŕ ţhé móđéŕñ Wíñđówš !!!!!!!!!!!!!!!!!!!!!!!!!!!!!!!!]"
"IDS_LETITRAIN_BLURB","Desktop Rain and Snow Simulator for Windows","About box. One-line description of Let It Rain, another app. The app name is not in the string.","محاكي المطر والثلج لسطح مكتب Windows","Regen- und Schneesimulator für den Windows-Desktop","Simulador de lluvia y nieve para el escritorio de Windows","Sade- ja lumisimulaattori Windowsin työpöydälle","Simulateur de pluie et de neige pour le bureau Windows","Eső- és hószimulátor a Windows asztalára","Simulatore di pioggia e neve per il desktop di Windows","Windows デスクトップ用の雨と雪のシミュレーター","Windows 바탕 화면용 비와 눈 시뮬레이터","Windows ഡെസ്ക്ടോപ്പിനുള്ള മഴയും മഞ്ഞും സിമുലേറ്റർ","Regen- en sneeuwsimulator voor het Windows-bureaublad","Symulator deszczu i śniegu na pulpit systemu Windows","Simulador de chuva e neve para a área de trabalho do Windows","Simulador de chuva e neve para o ambiente de trabalho do Windows","Симулятор дождя и снега для рабочего стола Windows","Regn- och snösimulator för Windows-skrivbordet","Симулятор дощу та снігу для робочого столу Windows","Windows 桌面雨雪模拟器","Windows 桌面雨雪模擬器","[Déškţóp Ráíñ áñđ Šñów Šímúĺáţóŕ fóŕ Wíñđówš !!!!!!!!!!!!!!!!!!]"
"IDS_WTICK_BLURB","The time in cities around the world, on your desktop.","About box. One-line description of WTick, a world clock app. The app name is not in the string.","الوقت في مدن حول العالم، على سطح مكتبك.","Die Uhrzeit in Städten rund um die Welt, auf Ihrem Desktop.","La hora en ciudades de todo el mundo, en tu escritorio.","Kellonaika maailman kaupungeissa, työpöydälläsi.","L'heure dans les villes du monde entier, sur votre bureau.","A világ városainak pontos ideje az asztalán.","L'ora nelle città di tutto il mondo, sul tuo desktop.","世界各都市の時刻を、デスクトップに。","전 세계 도시의 시간을 바탕 화면에서 확인하세요.","ലോകമെമ്പാടുമുള്ള നഗരങ്ങളിലെ സമയം, നിങ്ങളുടെ ഡെസ്ക്ടോപ്പിൽ.","De tijd in steden over de hele wereld, op uw bureaublad.","Czas w miastach na całym świecie, na Twoim pulpicie.","A hora em cidades do mundo todo, na sua área de trabalho.","A hora em cidades de todo o mundo, no seu ambiente de trabalho.","Время в городах по всему миру, прямо на рабочем столе.","Tiden i städer runt om i världen, på ditt skrivbord.","Час у містах по всьому світу, на вашому робочому столі.","在桌面上查看世界各地城市的时间。","在桌面上查看世界各地城市的時間。","[Thé ţímé íñ çíţíéš áŕóúñđ ţhé wóŕĺđ, óñ ýóúŕ đéškţóp. !!!!!!!!!!!!!!!!!!!!!!]"
"IDS_DESKFLIP_BLURB","Flip clock widget for the Windows desktop","About box. One-line description of DeskFlip, a flip clock app. The app name is not in the string.","أداة ساعة قلّابة لسطح مكتب Windows","Klappuhr-Widget für den Windows-Desktop","Widget de reloj abatible para el escritorio de Windows","Kääntökellowidget Windowsin työpöydälle","Widget d'horloge à volets pour le bureau Windows","Lapozós óra widget a Windows asztalára","Widget orologio a palette per il desktop di Windows","Windows デスクトップ用のフリップ時計ウィジェット","Windows 바탕 화면용 플립 시계 위젯","Windows ഡെസ്ക്ടോപ്പിനുള്ള ഫ്ലിപ്പ് ക്ലോക്ക് വിജറ്റ്","Klapklokwidget voor het Windows-bureaublad","Widżet zegara z klapkami na pulpit systemu Windows","Widget de relógio flip para a área de trabalho do Windows","Widget de relógio flip para o ambiente de trabalho do Windows","Виджет перекидных часов для рабочего стола Windows","Flipklockwidget för Windows-skrivbordet","Віджет перекидного годинника для робочого столу Windows","适用于 Windows 桌面的翻页时钟小组件","適用於 Windows 桌面的翻頁時鐘小工具","[Fĺíp çĺóçk wíđğéţ fóŕ ţhé Wíñđówš đéškţóp !!!!!!!!!!!!!!!!!]"
"IDS_FACE_SIMPLE","Simple","Clock face name, in the Face submenu and the Customize title. An analog face with plain hands.","بسيطة","Schlicht","Sencilla","Yksinkertainen","Simple","Egyszerű","Semplice","シンプル","심플","ലളിതം","Eenvoudig","Prosta","Simples","Simples","Простой","Enkel","Простий","简约","簡約","[Šímpĺé !!!]"
"IDS_FACE_CLASSIC_DARK","Classic dark","Clock face name. A traditional analog dial with a dark face.","كلاسيكية داكنة","Klassisch dunkel","Clásica oscura","Klassinen tumma","Classique sombre","Klasszikus sötét","Classico scuro","クラシック ダーク","클래식 다크","ക്ലാസിക് ഇരുണ്ടത്","Klassiek donker","Klasyczna ciemna","Clássico escuro","Clássico escuro","Классический темный","Klassisk mörk","Класичний темний","经典深色","經典深色","[Çĺáššíç đáŕk !!!!!]"
"IDS_FACE_CLASSIC_LIGHT","Classic light","Clock face name. A traditional analog dial with a light face.","كلاسيكية فاتحة","Klassisch hell","Clásica clara","Klassinen vaalea","Classique clair","Klasszikus világos","Classico chiaro","クラシック ライト","클래식 라이트","ക്ലാസിക് ഇളംനിറം","Klassiek licht","Klasyczna jasna","Clássico claro","Clássico claro","Классический светлый","Klassisk ljus","Класичний світлий","经典浅色","經典淺色","[Çĺáššíç ĺíğhţ !!!!!!]"
"IDS_FACE_MINIMAL","Minimal","Clock face name. An analog face with almost no markings.","مبسطة","Minimal","Minimalista","Pelkistetty","Minimal","Minimál","Minimale","ミニマル","미니멀","മിനിമൽ","Minimaal","Minimalistyczna","Minimalista","Minimalista","Минимальный","Minimal","Мінімальний","极简","極簡","[Míñímáĺ !!!]"
"IDS_FACE_ICON","Icon","Clock face name. An analog face drawn in the style of the app icon.","أيقونة","Symbol","Icono","Kuvake","Icône","Ikon","Icona","アイコン","아이콘","ഐക്കൺ","Pictogram","Ikona","Ícone","Ícone","Значок","Ikon","Піктограма","图标","圖示","[Íçóñ !!]"
"IDS_FACE_BOLD","Bold","Clock face name. An analog face with a thick coloured ring. Adjective describing the style, not font weight.","ثقيلة","Fett","Marcada","Tukeva","Gras","Vaskos","Marcato","ボールド","볼드","കനത്തത്","Vet","Pogrubiona","Marcado","Marcado","Жирный","Fet","Жирний","厚重","厚重","[Bóĺđ !!]"
"IDS_FACE_FLAT","Flat","Clock face name. An analog face in flat design, no shading.","مسطحة","Flach","Plana","Litteä","Plat","Lapos","Piatto","フラット","플랫","പരന്നത്","Vlak","Płaska","Plano","Plano","Плоский","Platt","Плоский","扁平","扁平","[Fĺáţ !!]"
"IDS_FACE_GLASS","Glass","Clock face name. An analog face that looks like frosted glass. Noun: the material.","زجاجية","Glas","Cristal","Lasi","Verre","Üveg","Vetro","ガラス","글래스","ഗ്ലാസ്","Glas","Szkło","Vidro","Vidro","Стекло","Glas","Скло","玻璃","玻璃","[Gĺášš !!]"
"IDS_FACE_DOTS","Dots","Clock face name. An analog face with dots in place of numerals.","نقاط","Punkte","Puntos","Pisteet","Points","Pontok","Punti","ドット","도트","കുത്തുകൾ","Stippen","Kropki","Pontos","Pontos","Точки","Punkter","Крапки","圆点","圓點","[Dóţš !!]"
"IDS_FACE_DIGITAL","Digital","Clock face name. Shows the time as digits.","رقمية","Digital","Digital","Digitaalinen","Numérique","Digitális","Digitale","デジタル","디지털","ഡിജിറ്റൽ","Digitaal","Cyfrowa","Digital","Digital","Цифровой","Digital","Цифровий","数字","數字","[Díğíţáĺ !!!]"
"IDS_FACE_DIGITAL_BOLD","Digital bold","Clock face name. Digital, with large bold digits.","رقمية عريضة","Digital fett","Digital negrita","Digitaalinen lihavoitu","Numérique gras","Digitális félkövér","Digitale grassetto","デジタル ボールド","디지털 볼드","ഡിജിറ്റൽ കട്ടിയുള്ളത്","Digitaal vet","Cyfrowa pogrubiona","Digital negrito","Digital negrito","Цифровой жирный","Digital fet","Цифровий напівжирний","数字粗体","數字粗體","[Díğíţáĺ bóĺđ !!!!!]"
"IDS_FACE_WORD","Word clock","Clock face name. Spells the time in English words on a letter grid; the grid itself stays English.","ساعة بالكلمات","Wortuhr","Reloj de palabras","Sanakello","Horloge en mots","Szöveges óra","Orologio a parole","文字時計","워드 클록","വേഡ് ക്ലോക്ക്","Woordklok","Zegar słowny","Relógio por extenso","Relógio por extenso","Словесные часы","Ordklocka","Словесний годинник","文字时钟","文字時鐘","[Wóŕđ çĺóçk !!!!]"
"IDS_FACE_STACK","Stack","Clock face name. Hours stacked above minutes in large digits.","مكدسة","Stapel","Apilada","Pinottu","Empilé","Halmozott","Impilato","スタック","스택","സ്റ്റാക്ക്","Gestapeld","Ułożona","Empilhado","Empilhado","Стопка","Staplad","Стос","堆叠","堆疊","[Šţáçk !!]"
"IDS_FACE_TERMINAL","Terminal","Clock face name. Looks like a command-line terminal printing the time.","طرفية","Terminal","Terminal","Pääte","Terminal","Terminál","Terminale","ターミナル","터미널","ടെർമിനൽ","Terminal","Terminal","Terminal","Terminal","Терминал","Terminal","Термінал","终端","終端機","[Téŕmíñáĺ !!!!]"
"IDS_FACE_BANNER","Banner","Clock face name. The time in one wide line of large condensed digits.","شريط","Banner","Banner","Banneri","Bandeau","Szalag","Banner","バナー","배너","ബാനർ","Banner","Baner","Banner","Faixa","Баннер","Banner","Банер","横幅","橫幅","[Báññéŕ !!!]"
"IDS_FACE_SPLIT","Split","Clock face name. Hours and minutes in two separate coloured blocks.","مقسمة","Geteilt","Dividida","Jaettu","Divisé","Osztott","Diviso","スプリット","분할","സ്പ്ലിറ്റ്","Gesplitst","Podzielona","Dividido","Dividido","Раздельный","Delad","Розділений","分割","分割","[Špĺíţ !!]"
"IDS_FACE_IMAGE","Image","Clock face name. Hands drawn over a picture supplied by the user.","صورة","Bild","Imagen","Kuva","Image","Kép","Immagine","画像","이미지","ചിത്രം","Afbeelding","Obraz","Imagem","Imagem","Изображение","Bild","Зображення","图片","圖片","[Ímáğé !!]"
"IDS_OPT_HOUR24","24-hour clock","Customize option, checkbox. Shows 13:00 rather than 1:00.","نظام 24 ساعة","24-Stunden-Format","Formato de 24 horas","24 tunnin kello","Format 24 heures","24 órás formátum","Formato 24 ore","24 時間表示","24시간 표시","24 മണിക്കൂർ ക്ലോക്ക്","24-uursnotatie","Zegar 24-godzinny","Formato de 24 horas","Formato de 24 horas","24-часовой формат","24-timmarsvisning","24-годинний формат","24 小时制","24 小時制","[24-hóúŕ çĺóçk !!!!!!]"
"IDS_OPT_ACCENT_12","Accent 12 marker","Customize option, checkbox. Draws the 12 o'clock mark in the accent colour.","تمييز علامة 12","Akzent auf der 12","Acento en el 12","Korostettu 12","Accent sur le 12","Kiemelt 12-es jelzés","Accento sul 12","12 時位置を強調","12시 강조 표시","12-ൽ ഊന്നൽ അടയാളം","Accent op de 12","Wyróżnienie dwunastki","Destaque no 12","Destaque no 12","Акцент на цифре 12","Accent på tolvan","Акцент на цифрі 12","突出显示 12 点","強調 12 點","[Áççéñţ 12 máŕkéŕ !!!!!!!]"
"IDS_OPT_ACCENT_COLOUR","Accent colour","Customize option label beside a colour button. The highlight colour (seconds hand, markers).","لون التمييز","Akzentfarbe","Color de acento","Korostusväri","Couleur d'accentuation","Kiemelőszín","Colore dell'accento","アクセントの色","강조 색","ഊന്നൽ നിറം","Accentkleur","Kolor wyróżnienia","Cor de destaque","Cor de destaque","Цвет акцента","Accentfärg","Колір акценту","强调色","強調色","[Áççéñţ çóĺóúŕ !!!!!!]"
"IDS_OPT_BLINK","Blinking cursor","Customize option, checkbox, Terminal face. A text cursor that blinks after the time.","مؤشر وامض","Blinkender Cursor","Cursor parpadeante","Vilkkuva kohdistin","Curseur clignotant","Villogó kurzor","Cursore lampeggiante","カーソルを点滅させる","커서 깜박임","മിന്നുന്ന കഴ്സർ","Knipperende cursor","Migający kursor","Cursor piscante","Cursor intermitente","Мигающий курсор","Blinkande markör","Миготливий курсор","光标闪烁","游標閃爍","[Bĺíñkíñğ çúŕšóŕ !!!!!!]"
"IDS_OPT_DATE_FORMAT","Date format","Customize option label beside a list: Long date / Short date.","تنسيق التاريخ","Datumsformat","Formato de fecha","Päivämäärän muoto","Format de date","Dátumformátum","Formato della data","日付の形式","날짜 형식","തീയതി ഫോർമാറ്റ്","Datumnotatie","Format daty","Formato da data","Formato da data","Формат даты","Datumformat","Формат дати","日期格式","日期格式","[Dáţé fóŕmáţ !!!!!]"
"IDS_OPT_DIAL_COLOUR","Dial colour","Customize option label beside a colour button. The background of an analog dial.","لون واجهة الساعة","Zifferblattfarbe","Color de la esfera","Kellotaulun väri","Couleur du cadran","Számlap színe","Colore del quadrante","文字盤の色","시계판 색","ഡയലിന്റെ നിറം","Wijzerplaatkleur","Kolor tarczy","Cor do mostrador","Cor do mostrador","Цвет циферблата","Urtavlans färg","Колір циферблата","表盘颜色","錶面色彩","[Díáĺ çóĺóúŕ !!!!!]"
"IDS_OPT_DIGIT_COLOUR","Digit colour","Customize option label beside a colour button.","لون الأرقام","Ziffernfarbe","Color de los dígitos","Numeroiden väri","Couleur des chiffres","Számjegyek színe","Colore delle cifre","数字の色","숫자 색","അക്കങ്ങളുടെ നിറം","Cijferkleur","Kolor cyfr","Cor dos dígitos","Cor dos dígitos","Цвет цифр","Siffrornas färg","Колір цифр","数字颜色","數字色彩","[Díğíţ çóĺóúŕ !!!!!]"
"IDS_OPT_DOT_COUNT","Dot count","Customize option label beside a list of numbers: how many dots mark the dial.","عدد النقاط","Anzahl Punkte","Número de puntos","Pisteiden määrä","Nombre de points","Pontok száma","Numero di punti","ドットの数","점 개수","കുത്തുകളുടെ എണ്ണം","Aantal stippen","Liczba kropek","Número de pontos","Número de pontos","Количество точек","Antal punkter","Кількість крапок","圆点数量","圓點數量","[Dóţ çóúñţ !!!!]"
"IDS_OPT_DOT_SIZE","Dot size","Customize option label beside a list: Small / Normal size / Large.","حجم النقاط","Punktgröße","Tamaño de los puntos","Pisteiden koko","Taille des points","Pontok mérete","Dimensione dei punti","ドットの大きさ","점 크기","കുത്തുകളുടെ വലുപ്പം","Stipgrootte","Rozmiar kropek","Tamanho dos pontos","Tamanho dos pontos","Размер точек","Punkternas storlek","Розмір крапок","圆点大小","圓點大小","[Dóţ šížé !!!!]"
"IDS_OPT_DROP_SHADOW","Drop shadow","Customize option, checkbox. A shadow behind the digits.","ظل خارجي","Schlagschatten","Sombra paralela","Varjo","Ombre portée","Vetett árnyék","Ombra esterna","ドロップ シャドウ","그림자","നിഴൽ","Slagschaduw","Cień","Sombra projetada","Sombra projetada","Тень","Skugga","Тінь","投影","陰影","[Dŕóp šháđów !!!!!]"
"IDS_OPT_FACE_COLOUR","Face colour","Customize option label beside a colour button. The fill of the clock face.","لون الخلفية","Grundfarbe","Color de fondo","Taustaväri","Couleur de fond","Háttérszín","Colore di sfondo","背景の色","배경색","പശ്ചാത്തല നിറം","Achtergrondkleur","Kolor tła","Cor de fundo","Cor de fundo","Цвет фона","Bakgrundsfärg","Колір тла","背景颜色","背景色彩","[Fáçé çóĺóúŕ !!!!!]"
"IDS_OPT_FROST","Frost","Customize option label beside a list: Clear / Frosted / Opaque. How see-through the glass is. Noun.","زجاج مصنفر","Mattierung","Vidrio esmerilado","Huurrelasi","Verre dépoli","Homályos üveg","Vetro smerigliato","すりガラス効果","간유리","സുതാര്യത","Matheid","Matowe szkło","Vidro fosco","Vidro fosco","Матовость","Frostat glas","Матовість","磨砂效果","霧面效果","[Fŕóšţ !!]"
"IDS_OPT_HAND_COLOUR","Hand colour","Customize option label beside a colour button. Hands of an analog clock.","لون العقارب","Zeigerfarbe","Color de las manecillas","Viisareiden väri","Couleur des aiguilles","Mutatók színe","Colore delle lancette","針の色","바늘 색","സൂചികളുടെ നിറം","Wijzerkleur","Kolor wskazówek","Cor dos ponteiros","Cor dos ponteiros","Цвет стрелок","Visarnas färg","Колір стрілок","指针颜色","指針色彩","[Háñđ çóĺóúŕ !!!!!]"
"IDS_OPT_HOUR_BLOCK","Hour block colour","Customize option label beside a colour button, Split face. The block behind the hour digits.","لون كتلة الساعات","Farbe des Stundenblocks","Color del bloque de horas","Tuntilohkon väri","Couleur du bloc des heures","Óratömb színe","Colore del blocco delle ore","時ブロックの色","시 블록 색","മണിക്കൂർ ബ്ലോക്കിന്റെ നിറം","Kleur van het urenblok","Kolor bloku godzin","Cor do bloco das horas","Cor do bloco das horas","Цвет блока часов","Timblockets färg","Колір блоку годин","小时块颜色","小時區塊色彩","[Hóúŕ bĺóçk çóĺóúŕ !!!!!!!]"
"IDS_OPT_INK_COLOUR","Ink colour","Customize option label beside a colour button. The colour everything is drawn in.","لون الحبر","Tintenfarbe","Color de la tinta","Musteen väri","Couleur de l'encre","Tinta színe","Colore dell'inchiostro","インクの色","잉크 색","മഷിയുടെ നിറം","Inktkleur","Kolor atramentu","Cor da tinta","Cor da tinta","Цвет чернил","Bläckfärg","Колір чорнила","墨水颜色","墨水色彩","[Íñk çóĺóúŕ !!!!]"
"IDS_OPT_LABEL_COLOUR","Label colour","Customize option label beside a colour button. The small secondary text (date, AM/PM).","لون التسميات","Beschriftungsfarbe","Color de las etiquetas","Tekstien väri","Couleur des libellés","Feliratok színe","Colore delle etichette","ラベルの色","레이블 색","ലേബലിന്റെ നിറം","Labelkleur","Kolor etykiet","Cor dos rótulos","Cor das etiquetas","Цвет подписей","Etiketternas färg","Колір підписів","标签颜色","標籤色彩","[Lábéĺ çóĺóúŕ !!!!!]"
"IDS_OPT_LIT_LETTER","Lit letter colour","Customize option label beside a colour button, Word clock. The letters that spell the time.","لون الحروف المضيئة","Farbe leuchtender Buchstaben","Color de las letras encendidas","Syttyneiden kirjainten väri","Couleur des lettres allumées","Világító betűk színe","Colore delle lettere accese","点灯文字の色","켜진 글자 색","പ്രകാശിക്കുന്ന അക്ഷരങ്ങളുടെ നിറം","Kleur van opgelichte letters","Kolor podświetlonych liter","Cor das letras acesas","Cor das letras acesas","Цвет светящихся букв","Tända bokstävers färg","Колір підсвічених літер","点亮字母颜色","點亮字母色彩","[Líţ ĺéţţéŕ çóĺóúŕ !!!!!!!]"
"IDS_OPT_MARKING_COLOUR","Marking colour","Customize option label beside a colour button. Rim, tick marks and numerals.","لون العلامات","Farbe der Markierungen","Color de las marcas","Merkintöjen väri","Couleur des repères","Jelölések színe","Colore degli indici","目盛りの色","눈금 색","അടയാളങ്ങളുടെ നിറം","Markeringskleur","Kolor oznaczeń","Cor das marcas","Cor das marcas","Цвет меток","Markeringarnas färg","Колір позначок","刻度颜色","刻度色彩","[Máŕkíñğ çóĺóúŕ !!!!!!]"
"IDS_OPT_MINUTE_BLOCK","Minute block colour","Customize option label beside a colour button, Split face. The block behind the minute digits.","لون كتلة الدقائق","Farbe des Minutenblocks","Color del bloque de minutos","Minuuttilohkon väri","Couleur du bloc des minutes","Perctömb színe","Colore del blocco dei minuti","分ブロックの色","분 블록 색","മിനിറ്റ് ബ്ലോക്കിന്റെ നിറം","Kleur van het minutenblok","Kolor bloku minut","Cor do bloco dos minutos","Cor do bloco dos minutos","Цвет блока минут","Minutblockets färg","Колір блоку хвилин","分钟块颜色","分鐘區塊色彩","[Míñúţé bĺóçk çóĺóúŕ !!!!!!!!]"
"IDS_OPT_MINUTE_DIMMING","Minute dimming","Customize option label beside a list: Match hour / Dim / Faint. How much fainter the minutes are than the hours.","تعتيم الدقائق","Minutenhelligkeit","Atenuación de los minutos","Minuuttien himmennys","Atténuation des minutes","Percek halványítása","Attenuazione dei minuti","分の明るさ","분 흐리게","മിനിറ്റ് മങ്ങിക്കുക","Minuten dimmen","Przygaszenie minut","Atenuação dos minutos","Atenuação dos minutos","Затемнение минут","Dämpa minuterna","Затемнення хвилин","分钟亮度","分鐘變暗","[Míñúţé đímmíñğ !!!!!!]"
"IDS_OPT_NUMERALS","Numerals","Customize option: a list of which numbers the dial shows, or a checkbox for whether it shows any.","الأرقام","Ziffern","Números","Numerot","Chiffres","Számok","Numeri","数字","숫자","അക്കങ്ങൾ","Cijfers","Cyfry","Algarismos","Algarismos","Цифры","Siffror","Цифри","数字","數字","[Ñúméŕáĺš !!!!]"
"IDS_OPT_PANEL_COLOUR","Panel colour","Customize option label beside a colour button. The rectangle behind the text.","لون اللوحة","Flächenfarbe","Color del panel","Paneelin väri","Couleur du panneau","Panel színe","Colore del pannello","パネルの色","패널 색","പാനലിന്റെ നിറം","Paneelkleur","Kolor panelu","Cor do painel","Cor do painel","Цвет панели","Panelens färg","Колір панелі","面板颜色","面板色彩","[Páñéĺ çóĺóúŕ !!!!!]"
"IDS_OPT_PHOSPHOR","Phosphor colour","Customize option label beside a colour button, Terminal face. The glowing text colour of an old monitor.","لون الفوسفور","Leuchtstofffarbe","Color del fósforo","Fosforin väri","Couleur du luminophore","Foszfor színe","Colore del fosforo","蛍光体の色","형광체 색","ഫോസ്ഫർ നിറം","Fosforkleur","Kolor luminoforu","Cor do fósforo","Cor do fósforo","Цвет люминофора","Fosforfärg","Колір люмінофора","荧光体颜色","螢光體色彩","[Phóšphóŕ çóĺóúŕ !!!!!!]"
"IDS_OPT_PLATE_COLOUR","Plate colour","Customize option label beside a colour button, Icon face. The backing tile behind the dial.","لون القاعدة","Plattenfarbe","Color de la placa","Levyn väri","Couleur de la plaque","Lap színe","Colore della piastra","プレートの色","플레이트 색","പ്ലേറ്റിന്റെ നിറം","Plaatkleur","Kolor płytki","Cor da placa","Cor da placa","Цвет пластины","Plattans färg","Колір пластини","底板颜色","底板色彩","[Pĺáţé çóĺóúŕ !!!!!]"
"IDS_OPT_PLATE_SHAPE","Plate shape","Customize option label beside a list: Rounded / Square / Circle.","شكل القاعدة","Plattenform","Forma de la placa","Levyn muoto","Forme de la plaque","Lap alakja","Forma della piastra","プレートの形","플레이트 모양","പ്ലേറ്റിന്റെ ആകൃതി","Plaatvorm","Kształt płytki","Forma da placa","Forma da placa","Форма пластины","Plattans form","Форма пластини","底板形状","底板形狀","[Pĺáţé šhápé !!!!!]"
"IDS_OPT_PROMPT","Prompt","Customize option label beside a list, Terminal face. The command-line prompt text shown before the time.","الموجه","Prompt","Indicador","Kehote","Invite","Prompt","Prompt","プロンプト","프롬프트","പ്രോംപ്റ്റ്","Prompt","Znak zachęty","Prompt","Prompt","Приглашение","Prompt","Запрошення","提示符","提示字元","[Pŕómpţ !!!]"
"IDS_OPT_RIM_COLOUR","Rim colour","Customize option label beside a colour button. The outer edge of the dial.","لون الإطار","Randfarbe","Color del borde","Reunan väri","Couleur du contour","Perem színe","Colore del bordo","縁の色","테두리 색","അരികിന്റെ നിറം","Randkleur","Kolor obramowania","Cor do aro","Cor do aro","Цвет ободка","Kantens färg","Колір обідка","边框颜色","邊框色彩","[Rím çóĺóúŕ !!!!]"
"IDS_OPT_RING_COLOUR","Ring colour","Customize option label beside a colour button, Bold face. The thick ring around the dial.","لون الحلقة","Ringfarbe","Color del anillo","Renkaan väri","Couleur de l'anneau","Gyűrű színe","Colore dell'anello","リングの色","링 색","വളയത്തിന്റെ നിറം","Ringkleur","Kolor pierścienia","Cor do anel","Cor do anel","Цвет кольца","Ringens färg","Колір кільця","圆环颜色","圓環色彩","[Ríñğ çóĺóúŕ !!!!!]"
"IDS_OPT_RING_THICKNESS","Ring thickness","Customize option label beside a list: Thin / Normal width / Thick.","سماكة الحلقة","Ringstärke","Grosor del anillo","Renkaan paksuus","Épaisseur de l'anneau","Gyűrű vastagsága","Spessore dell'anello","リングの太さ","링 두께","വളയത്തിന്റെ കനം","Ringdikte","Grubość pierścienia","Espessura do anel","Espessura do anel","Толщина кольца","Ringens tjocklek","Товщина кільця","圆环粗细","圓環粗細","[Ríñğ ţhíçkñéšš !!!!!!]"
"IDS_OPT_SHOW_AMPM","Show AM/PM","Customize option, checkbox.","إظهار ص/م","AM/PM anzeigen","Mostrar AM/PM","Näytä AM/PM","Afficher AM/PM","AM/PM megjelenítése","Mostra AM/PM","AM/PM を表示","AM/PM 표시","AM/PM കാണിക്കുക","AM/PM tonen","Pokaż AM/PM","Mostrar AM/PM","Mostrar AM/PM","Показывать AM/PM","Visa AM/PM","Показувати AM/PM","显示 AM/PM","顯示 AM/PM","[Šhów ÁM/PM !!!!]"
"IDS_OPT_SHOW_DATE","Show date","Customize option, checkbox.","إظهار التاريخ","Datum anzeigen","Mostrar fecha","Näytä päivämäärä","Afficher la date","Dátum megjelenítése","Mostra la data","日付を表示","날짜 표시","തീയതി കാണിക്കുക","Datum tonen","Pokaż datę","Mostrar data","Mostrar data","Показывать дату","Visa datum","Показувати дату","显示日期","顯示日期","[Šhów đáţé !!!!]"
"IDS_OPT_SHOW_MINUTE_DOTS","Show minute dots","Customize option, checkbox, Word clock. Dots that count the minutes between five-minute steps.","إظهار نقاط الدقائق","Minutenpunkte anzeigen","Mostrar puntos de minutos","Näytä minuuttipisteet","Afficher les points des minutes","Percpontok megjelenítése","Mostra i punti dei minuti","分ドットを表示","분 점 표시","മിനിറ്റ് കുത്തുകൾ കാണിക്കുക","Minuutstippen tonen","Pokaż kropki minut","Mostrar pontos dos minutos","Mostrar pontos dos minutos","Показывать точки минут","Visa minutpunkter","Показувати крапки хвилин","显示分钟圆点","顯示分鐘圓點","[Šhów míñúţé đóţš !!!!!!!]"
"IDS_OPT_SHOW_PANEL","Show panel","Customize option, checkbox. A rectangle drawn behind the text.","إظهار اللوحة","Fläche anzeigen","Mostrar panel","Näytä paneeli","Afficher le panneau","Panel megjelenítése","Mostra il pannello","パネルを表示","패널 표시","പാനൽ കാണിക്കുക","Paneel tonen","Pokaż panel","Mostrar painel","Mostrar painel","Показывать панель","Visa panel","Показувати панель","显示面板","顯示面板","[Šhów páñéĺ !!!!]"
"IDS_OPT_TEXT_COLOUR","Text colour","Customize option label beside a colour button.","لون النص","Textfarbe","Color del texto","Tekstin väri","Couleur du texte","Szöveg színe","Colore del testo","文字の色","텍스트 색","ടെക്സ്റ്റിന്റെ നിറം","Tekstkleur","Kolor tekstu","Cor do texto","Cor do texto","Цвет текста","Textfärg","Колір тексту","文字颜色","文字色彩","[Téxţ çóĺóúŕ !!!!!]"
"IDS_OPT_TICK_MARKS","Tick marks","Customize option label beside a list: Minute / Hour / None. The short lines around the dial edge.","علامات التدريج","Strichmarkierungen","Marcas de graduación","Viivamerkinnät","Graduations","Osztásjelek","Indici","目盛り線","눈금선","അടയാള വരകൾ","Streepjes","Znaczniki","Marcas","Marcas","Штриховые метки","Streckmarkeringar","Штрихові позначки","刻度线","刻度線","[Tíçk máŕkš !!!!]"
"IDS_CHOICE_ALL_12","All 12","List item under Numerals: all twelve numbers are shown.","كل الـ 12","Alle 12","Los 12","Kaikki 12","Les 12","Mind a 12","Tutti i 12","12 個すべて","12개 모두","എല്ലാ 12-ഉം","Alle 12","Wszystkie 12","Todos os 12","Todos os 12","Все 12","Alla 12","Усі 12","全部 12 个","全部 12 個","[Áĺĺ 12 !!!]"
"IDS_CHOICE_QUARTERS","12, 3, 6, 9","List item under Numerals: only these four numbers are shown. Change the separator only if your language would.","12, 3, 6, 9","12, 3, 6, 9","12, 3, 6, 9","12, 3, 6, 9","12, 3, 6, 9","12, 3, 6, 9","12, 3, 6, 9","12, 3, 6, 9","12, 3, 6, 9","12, 3, 6, 9","12, 3, 6, 9","12, 3, 6, 9","12, 3, 6, 9","12, 3, 6, 9","12, 3, 6, 9","12, 3, 6, 9","12, 3, 6, 9","12, 3, 6, 9","12, 3, 6, 9","[12, 3, 6, 9 !!!!!]"
"IDS_CHOICE_NONE","None","List item under Numerals and under Tick marks: nothing is shown.","بلا","Keine","Ninguno","Ei mitään","Aucun","Nincs","Nessuno","なし","없음","ഒന്നുമില്ല","Geen","Brak","Nenhum","Nenhum","Нет","Inga","Немає","无","無","[Ñóñé !!]"
"IDS_CHOICE_MINUTE","Minute","List item under Tick marks: a mark at every minute.","دقائق","Minuten","Minutos","Minuutit","Minutes","Perc","Minuti","分","분","മിനിറ്റ്","Minuten","Minutowe","Minutos","Minutos","Минутные","Minuter","Хвилинні","分钟","分鐘","[Míñúţé !!!]"
"IDS_CHOICE_HOUR","Hour","List item under Tick marks: a mark at every hour only.","ساعات","Stunden","Horas","Tunnit","Heures","Óra","Ore","時","시","മണിക്കൂർ","Uren","Godzinowe","Horas","Horas","Часовые","Timmar","Годинні","小时","小時","[Hóúŕ !!]"
"IDS_CHOICE_THIN","Thin","List item under Ring thickness.","رفيع","Dünn","Fino","Ohut","Fin","Vékony","Sottile","細い","얇게","നേർത്തത്","Dun","Cienki","Fino","Fino","Тонкое","Tunn","Тонке","细","細","[Thíñ !!]"
"IDS_CHOICE_NORMAL_WIDTH","Normal width","List item under Ring thickness. Distinct from ""Normal size"" so each can agree with its own noun.","سماكة عادية","Normale Stärke","Grosor normal","Normaali paksuus","Épaisseur normale","Normál vastagság","Spessore normale","標準の太さ","보통","സാധാരണ കനം","Normale dikte","Normalna grubość","Espessura normal","Espessura normal","Обычная толщина","Normal tjocklek","Звичайна товщина","标准粗细","標準粗細","[Ñóŕmáĺ wíđţh !!!!!]"
"IDS_CHOICE_THICK","Thick","List item under Ring thickness.","سميك","Dick","Grueso","Paksu","Épais","Vastag","Spesso","太い","두껍게","കട്ടിയുള്ളത്","Dik","Gruby","Grosso","Grosso","Толстое","Tjock","Товсте","粗","粗","[Thíçk !!]"
"IDS_CHOICE_CLEAR","Clear","List item under Frost: fully see-through. Adjective.","شفاف","Klar","Transparente","Kirkas","Transparent","Átlátszó","Trasparente","透明","투명","തെളിഞ്ഞത്","Helder","Przezroczyste","Transparente","Transparente","Прозрачное","Klart","Прозоре","透明","透明","[Çĺéáŕ !!]"
"IDS_CHOICE_FROSTED","Frosted","List item under Frost: partly see-through. Adjective.","مصنفر","Satiniert","Esmerilado","Huurrettu","Dépoli","Homályos","Smerigliato","すりガラス","반투명 유리","അർധസുതാര്യം","Matglas","Matowe","Fosco","Fosco","Матовое","Frostat","Матове","磨砂","霧面","[Fŕóšţéđ !!!]"
"IDS_CHOICE_OPAQUE","Opaque","List item under Frost: not see-through at all. Adjective.","معتم","Deckend","Opaco","Läpinäkymätön","Opaque","Átlátszatlan","Opaco","不透明","불투명","അതാര്യം","Ondoorzichtig","Nieprzezroczyste","Opaco","Opaco","Непрозрачное","Ogenomskinligt","Непрозоре","不透明","不透明","[Ópáqúé !!!]"
"IDS_CHOICE_LONG_DATE","Long date","List item under Date format: weekday and month written out.","تاريخ طويل","Langes Datum","Fecha larga","Pitkä päivämäärä","Date longue","Hosszú dátum","Data estesa","長い形式","긴 날짜","നീണ്ട തീയതി","Lange datum","Data długa","Data por extenso","Data por extenso","Полная дата","Långt datum","Повна дата","长日期","長日期","[Lóñğ đáţé !!!!]"
"IDS_CHOICE_SHORT_DATE","Short date","List item under Date format: abbreviated weekday and month.","تاريخ قصير","Kurzes Datum","Fecha corta","Lyhyt päivämäärä","Date courte","Rövid dátum","Data breve","短い形式","짧은 날짜","ചുരുക്ക തീയതി","Korte datum","Data krótka","Data abreviada","Data abreviada","Краткая дата","Kort datum","Коротка дата","短日期","短日期","[Šhóŕţ đáţé !!!!]"
"IDS_CHOICE_SMALL","Small","List item under Dot size.","صغير","Klein","Pequeño","Pieni","Petite","Kicsi","Piccola","小","작게","ചെറുത്","Klein","Małe","Pequeno","Pequeno","Маленький","Liten","Малий","小","小","[Šmáĺĺ !!]"
"IDS_CHOICE_NORMAL_SIZE","Normal size","List item under Dot size. Distinct from ""Normal width"" so each can agree with its own noun.","حجم عادي","Normale Größe","Tamaño normal","Normaali koko","Taille normale","Normál méret","Dimensione normale","標準の大きさ","보통","സാധാരണ വലുപ്പം","Normale grootte","Normalne","Tamanho normal","Tamanho normal","Обычный размер","Normal storlek","Звичайний розмір","标准大小","標準大小","[Ñóŕmáĺ šížé !!!!!]"
"IDS_CHOICE_LARGE","Large","List item under Dot size.","كبير","Groß","Grande","Suuri","Grande","Nagy","Grande","大","크게","വലുത്","Groot","Duże","Grande","Grande","Большой","Stor","Великий","大","大","[Láŕğé !!]"
"IDS_CHOICE_ROUNDED","Rounded","List item under Plate shape: a square with rounded corners.","مستديرة","Abgerundet","Redondeada","Pyöristetty","Arrondie","Lekerekített","Arrotondata","角丸","둥근 사각형","വൃത്ത മൂലകൾ","Afgerond","Zaokrąglona","Arredondada","Arredondada","Скругленная","Rundad","Заокруглена","圆角","圓角","[Róúñđéđ !!!]"
"IDS_CHOICE_SQUARE","Square","List item under Plate shape.","مربعة","Quadratisch","Cuadrada","Neliö","Carrée","Négyzet","Quadrata","四角","사각형","ചതുരം","Vierkant","Kwadratowa","Quadrada","Quadrada","Квадратная","Fyrkantig","Квадратна","方形","方形","[Šqúáŕé !!!]"
"IDS_CHOICE_CIRCLE","Circle","List item under Plate shape.","دائرية","Rund","Circular","Ympyrä","Ronde","Kör","Circolare","円","원","വൃത്തം","Rond","Okrągła","Circular","Circular","Круглая","Rund","Кругла","圆形","圓形","[Çíŕçĺé !!!]"
"IDS_CHOICE_MATCH_HOUR","Match hour","List item under Minute dimming: minutes drawn as bright as the hours.","مثل الساعة","Wie die Stunde","Igual que la hora","Tunnin mukaan","Comme l'heure","Mint az óra","Come l'ora","時と同じ","시와 동일","മണിക്കൂറിനൊപ്പം","Gelijk aan het uur","Jak godzina","Igual à hora","Igual à hora","Как у часа","Som timmen","Як у години","与小时相同","與小時相同","[Máţçh hóúŕ !!!!]"
"IDS_CHOICE_DIM","Dim","List item under Minute dimming: minutes somewhat fainter. Adjective.","خافت قليلاً","Gedämpft","Atenuado","Himmeä","Atténué","Halvány","Attenuato","やや暗く","흐리게","മങ്ങിയത്","Gedimd","Przygaszone","Atenuado","Atenuado","Приглушенный","Dämpad","Приглушено","变暗","變暗","[Dím !!]"
"IDS_CHOICE_FAINT","Faint","List item under Minute dimming: minutes much fainter. Adjective.","خافت جدًا","Schwach","Tenue","Hyvin himmeä","Léger","Nagyon halvány","Tenue","かすかに","아주 흐리게","നേരിയത്","Zwak","Słabe","Tênue","Ténue","Едва заметный","Svag","Ледь помітно","微弱","微弱","[Fáíñţ !!]"
"IDS_CHOICE_DOTS_4","4","List item under Dot count. A number; normally left untranslated.","","","","","","","","","","","","","","","","","","","",""
"IDS_CHOICE_DOTS_12","12","List item under Dot count. A number; normally left untranslated.","","","","","","","","","","","","","","","","","","","",""
"IDS_CHOICE_DOTS_60","60","List item under Dot count. A number; normally left untranslated.","","","","","","","","","","","","","","","","","","","",""
"IDS_CHOICE_PROMPT_DOLLAR","$ time","List item under Prompt: a sample Unix shell prompt. Do not translate: the face draws this exact text, and the list must match it.","","","","","","","","","","","","","","","","","","","",""
"IDS_CHOICE_PROMPT_ANGLE","> time","List item under Prompt: a sample Windows-style prompt. Do not translate: the face draws this exact text, and the list must match it.","","","","","","","","","","","","","","","","","","","",""
"IDS_CHOICE_PROMPT_PATH","~/clock $ time","List item under Prompt: a sample shell prompt with a folder. Do not translate: the face draws this exact text, and the list must match it.","","","","","","","","","","","","","","","","","","","",""
"IDS_RIGHTS_RESERVED","All rights reserved.","About box, after the copyright holder: ""(c) RYF Tools. <this>""","جميع الحقوق محفوظة.","Alle Rechte vorbehalten.","Todos los derechos reservados.","Kaikki oikeudet pidätetään.","Tous droits réservés.","Minden jog fenntartva.","Tutti i diritti riservati.","無断複写・転載を禁じます。","모든 권리 보유.","എല്ലാ അവകാശങ്ങളും നിക്ഷിപ്തം.","Alle rechten voorbehouden.","Wszelkie prawa zastrzeżone.","Todos os direitos reservados.","Todos os direitos reservados.","Все права защищены.","Alla rättigheter förbehållna.","Усі права захищено.","保留所有权利。","保留一切權利。","[Áĺĺ ŕíğhţš ŕéšéŕvéđ. !!!!!!!!]"
